{
  "accuracy": [
    0.000442708347691223,
    0.0006510416860692203,
    0.0023697917349636555,
    0.0052083334885537624,
    0.008958333171904087,
    0.011223957873880863,
    0.01653645746409893,
    0.02044270746409893,
    0.022031249478459358,
    0.027838541194796562,
    0.033151041716337204,
    0.03778645768761635,
    0.04458333179354668,
    0.05039062350988388,
    0.05380208417773247,
    0.055546876043081284,
    0.0619010403752327,
    0.06182291731238365,
    0.06729166954755783,
    0.07145833224058151,
    0.07177083194255829,
    0.07197916507720947,
    0.07630208134651184,
    0.07695312798023224,
    0.07999999821186066,
    0.0780729129910469,
    0.08124999701976776,
    0.08341145515441895,
    0.0859375,
    0.08697916567325592,
    0.08679687231779099,
    0.09007812291383743,
    0.0872395858168602,
    0.0905989557504654,
    0.09088541567325592,
    0.09257812798023224,
    0.09401042014360428,
    0.09062500298023224,
    0.09513020515441895,
    0.09492187201976776,
    0.09390625357627869,
    0.09539062529802322,
    0.0957552120089531,
    0.09552083164453506,
    0.09744791686534882,
    0.09692708402872086,
    0.09710937738418579,
    0.0989583358168602,
    0.09942708164453506,
    0.09906250238418579,
    0.10049479454755783,
    0.09932291507720947,
    0.09768228977918625,
    0.09804687649011612,
    0.1003645807504654,
    0.09971354156732559,
    0.09924478828907013,
    0.10101562738418579,
    0.10304687172174454,
    0.10070312768220901,
    0.10059896111488342,
    0.10088541358709335,
    0.10190103948116302,
    0.1041666641831398,
    0.10101562738418579,
    0.10059896111488342,
    0.0990104153752327,
    0.09986979514360428,
    0.10104166716337204,
    0.10208333283662796,
    0.10059896111488342,
    0.1022135391831398,
    0.10414062440395355,
    0.1035677120089531,
    0.10169270634651184,
    0.10473958402872086,
    0.1041145846247673,
    0.10432291775941849,
    0.10578124970197678,
    0.10335937142372131
  ],
  "loss": [
    7.958465099334717,
    7.565293788909912,
    7.104355335235596,
    6.673083782196045,
    6.384795188903809,
    6.1579132080078125,
    5.941011905670166,
    5.826532363891602,
    5.698006629943848,
    5.571280002593994,
    5.466070652008057,
    5.353668689727783,
    5.24271821975708,
    5.133859157562256,
    5.080269813537598,
    5.032630443572998,
    4.97944450378418,
    4.940828323364258,
    4.891824245452881,
    4.850716590881348,
    4.830361366271973,
    4.816976547241211,
    4.794595718383789,
    4.769253253936768,
    4.747968673706055,
    4.724849700927734,
    4.716745376586914,
    4.695032596588135,
    4.663855075836182,
    4.661172866821289,
    4.647945404052734,
    4.635758399963379,
    4.6368584632873535,
    4.616102695465088,
    4.601233959197998,
    4.596924781799316,
    4.587525367736816,
    4.602909564971924,
    4.580014228820801,
    4.579043388366699,
    4.57733154296875,
    4.561877250671387,
    4.560207843780518,
    4.550767421722412,
    4.548894882202148,
    4.543184280395508,
    4.5535502433776855,
    4.544929027557373,
    4.535941123962402,
    4.5373101234436035,
    4.536490440368652,
    4.534673690795898,
    4.543208122253418,
    4.5265679359436035,
    4.523750305175781,
    4.534508228302002,
    4.517531394958496,
    4.5191969871521,
    4.514544486999512,
    4.513832092285156,
    4.5134782791137695,
    4.508867263793945,
    4.505302906036377,
    4.504512310028076,
    4.512494087219238,
    4.519022464752197,
    4.505273818969727,
    4.506926536560059,
    4.505558967590332,
    4.50056266784668,
    4.507551670074463,
    4.502737045288086,
    4.484104156494141,
    4.501012802124023,
    4.492718696594238,
    4.483270168304443,
    4.488256454467773,
    4.483973026275635,
    4.483672618865967,
    4.488335609436035
  ],
  "top5_accuracy": [
    0.002057291567325592,
    0.0042968750931322575,
    0.00989583320915699,
    0.023541666567325592,
    0.036119792610406876,
    0.04848958179354668,
    0.06424479186534882,
    0.07690104097127914,
    0.09007812291383743,
    0.10361979156732559,
    0.1164843738079071,
    0.1314583271741867,
    0.15106770396232605,
    0.1673177033662796,
    0.17505207657814026,
    0.1834895759820938,
    0.19705729186534882,
    0.19888021051883698,
    0.2095312476158142,
    0.21927084028720856,
    0.22002604603767395,
    0.22359375655651093,
    0.22934895753860474,
    0.23218749463558197,
    0.23861978948116302,
    0.24002604186534882,
    0.24195311963558197,
    0.24731770157814026,
    0.25218749046325684,
    0.25604167580604553,
    0.25799480080604553,
    0.25958332419395447,
    0.2599739730358124,
    0.2636197805404663,
    0.2688802182674408,
    0.26570311188697815,
    0.2679687440395355,
    0.2627604305744171,
    0.27226561307907104,
    0.27200520038604736,
    0.2717968821525574,
    0.27281248569488525,
    0.2746874988079071,
    0.2778906226158142,
    0.27632811665534973,
    0.2782291769981384,
    0.2763541638851166,
    0.2771354019641876,
    0.2771874964237213,
    0.2794531285762787,
    0.2789323031902313,
    0.28177082538604736,
    0.27687498927116394,
    0.2800520956516266,
    0.28242188692092896,
    0.27734375,
    0.283098965883255,
    0.28187501430511475,
    0.28518229722976685,
    0.2837499976158142,
    0.28372395038604736,
    0.28333333134651184,
    0.2855208218097687,
    0.2867448031902313,
    0.2842708230018616,
    0.28322917222976685,
    0.2826041579246521,
    0.28447917103767395,
    0.288958340883255,
    0.28507813811302185,
    0.28515625,
    0.28643229603767395,
    0.2896614670753479,
    0.2894531190395355,
    0.28752604126930237,
    0.2915104031562805,
    0.29143229126930237,
    0.2900260388851166,
    0.29218751192092896,
    0.29054686427116394
  ],
  "val_accuracy": [
    0.0006249999860301614,
    0.001145833288319409,
    0.0003124999930150807,
    0.0003124999930150807,
    0.0009374999790452421,
    0.0008333333535119891,
    0.0013541666558012366,
    0.01114583294838667,
    0.0032291666138917208,
    0.0036458333488553762,
    0.0006249999860301614,
    0.0013541666558012366,
    0.004895833320915699,
    0.0034374999813735485,
    0.002291666576638818,
    0.011562500149011612,
    0.009166666306555271,
    0.0063541666604578495,
    0.031562499701976776,
    0.0730208307504654,
    0.04645833373069763,
    0.010520833544433117,
    0.10010416805744171,
    0.006874999962747097,
    0.03479166701436043,
    0.026249999180436134,
    0.09916666895151138,
    0.037812501192092896,
    0.04312499985098839,
    0.1601041704416275,
    0.03500000014901161,
    0.09145833551883698,
    0.022083332762122154,
    0.07885416597127914,
    0.11770833283662796,
    0.20416666567325592,
    0.08749999850988388,
    0.20520833134651184,
    0.11739583313465118,
    0.18458333611488342,
    0.16437500715255737,
    0.1834374964237213,
    0.1732291728258133,
    0.22197917103767395,
    0.21854166686534882,
    0.2330208271741867,
    0.2227083295583725,
    0.20781250298023224,
    0.2226041704416275,
    0.21260416507720947,
    0.2278124988079071,
    0.2120833396911621,
    0.19093750417232513,
    0.20010416209697723,
    0.22041666507720947,
    0.21645833551883698,
    0.23135416209697723,
    0.23270833492279053,
    0.22458332777023315,
    0.2241666615009308,
    0.22843749821186066,
    0.2357291728258133,
    0.22708334028720856,
    0.23218749463558197,
    0.23614583909511566,
    0.2290624976158142,
    0.21875,
    0.2367708384990692,
    0.2292708307504654,
    0.22750000655651093,
    0.2238541692495346,
    0.23781250417232513,
    0.23531250655651093,
    0.2279166728258133,
    0.2382291704416275,
    0.23375000059604645,
    0.23156249523162842,
    0.23937499523162842,
    0.24114583432674408,
    0.2381249964237213
  ],