{
  "mode": "anger",
  "model_type": "mlp",
  "input_shape": "30x280",
  "flattened_dim": 8400,
  "accuracy": 0.40751043115438107,
  "macro_f1": 0.45316209598520496,
  "weighted_f1": 0.4311966217249181,
  "strong_precision": 0.8354430379746836,
  "strong_recall": 0.4370860927152318,
  "strong_f1": 0.5739130434782609
}