{
  "accuracy": [
    0.5004166960716248,
    0.5019791722297668,
    0.5122395753860474,
    0.5080989599227905,
    0.5080729126930237,
    0.5128385424613953,
    0.5169010162353516,
    0.5178124904632568,
    0.5182291865348816,
    0.522057294845581,
    0.5248697996139526,
    0.5246354341506958,
    0.52559894323349,
    0.5340885519981384,
    0.5378645658493042,
    0.5368229150772095,
    0.5357812643051147,
    0.5346093773841858,
    0.54471355676651,
    0.5474218726158142,
    0.5445051789283752,
    0.5473958253860474,
    0.5554166436195374,
    0.5554426908493042,
    0.5560156106948853,
    0.5546875,
    0.5570833086967468,
    0.5565624833106995,
    0.5577604174613953,
    0.5647135376930237,
    0.5675520896911621,
    0.5623177289962769,
    0.5686718821525574,
    0.5718489289283752,
    0.5733072757720947,
    0.5729687213897705,
    0.5779947638511658,
    0.5730729103088379,
    0.5784896016120911,
    0.5757551789283752,
    0.5839583277702332,
    0.5828385353088379,
    0.580859363079071,
    0.5890364646911621,
    0.592786431312561,
    0.59158855676651,
    0.5946614742279053,
    0.5913541913032532,
    0.5992968678474426,
    0.5983333587646484,
    0.6002864837646484,
    0.59981769323349,
    0.5991926789283752,
    0.6045833230018616,
    0.6006249785423279,
    0.6071093678474426,
    0.6069270968437195,
    0.6096875071525574,
    0.6087760329246521,
    0.6103906035423279,
    0.6141927242279053,
    0.6142187714576721,
    0.6167187690734863,
    0.6160416603088379,
    0.6170572638511658,
    0.6234635710716248,
    0.6208333373069763,
    0.6314843893051147,
    0.6398958563804626,
    0.6395312547683716,
    0.6402083039283752,
    0.643151044845581,
    0.645104169845581,
    0.6435937285423279,
    0.647473931312561,
    0.6485156416893005,
    0.6451823115348816,
    0.6476302146911621,
    0.6483593583106995,
    0.6476823091506958
  ],
  "loss": [
    1.9150785207748413,
    1.899348497390747,
    1.8811519145965576,
    1.873292088508606,
    1.8780112266540527,
    1.853494644165039,
    1.8458553552627563,
    1.8484410047531128,
    1.8307241201400757,
    1.825510025024414,
    1.810224175453186,
    1.8048291206359863,
    1.8025728464126587,
    1.782800316810608,
    1.7726798057556152,
    1.7713602781295776,
    1.7637819051742554,
    1.7615960836410522,
    1.7482532262802124,
    1.7384614944458008,
    1.7398879528045654,
    1.7354013919830322,
    1.7068150043487549,
    1.700411081314087,
    1.6932111978530884,
    1.6909301280975342,
    1.690165638923645,
    1.684935212135315,
    1.6746420860290527,
    1.6665340662002563,
    1.659124493598938,
    1.6635680198669434,
    1.6436735391616821,
    1.638205647468567,
    1.6250678300857544,
    1.628426432609558,
    1.6171259880065918,
    1.62436044216156,
    1.612375020980835,
    1.6106263399124146,
    1.592643141746521,
    1.5919628143310547,
    1.595739722251892,
    1.5657880306243896,
    1.5610228776931763,
    1.562633752822876,
    1.5520530939102173,
    1.559077501296997,
    1.536955714225769,
    1.5346693992614746,
    1.5319743156433105,
    1.5231074094772339,
    1.5277341604232788,
    1.5056966543197632,
    1.521389126777649,
    1.5014508962631226,
    1.4972316026687622,
    1.4958851337432861,
    1.4862028360366821,
    1.4892008304595947,
    1.4794279336929321,
    1.4787569046020508,
    1.4681696891784668,
    1.459952473640442,
    1.4646297693252563,
    1.4407267570495605,
    1.4420363903045654,
    1.4119774103164673,
    1.3959670066833496,
    1.3936667442321777,
    1.3912955522537231,
    1.385048270225525,
    1.3750284910202026,
    1.378242015838623,
    1.3731015920639038,
    1.3689061403274536,
    1.3673614263534546,
    1.3678697347640991,
    1.3672153949737549,
    1.3618096113204956
  ],
  "top5_accuracy": [
    0.832994818687439,
    0.8378385305404663,
    0.8411458134651184,
    0.8442968726158142,
    0.84158855676651,
    0.8436197638511658,
    0.8456770777702332,
    0.8468229174613953,
    0.8491926789283752,
    0.8480208516120911,
    0.8546354174613953,
    0.8532812595367432,
    0.8524739742279053,
    0.856640636920929,
    0.8558593988418579,
    0.8581770658493042,
    0.8592708110809326,
    0.862708330154419,
    0.8626301884651184,
    0.8619791865348816,
    0.8628125190734863,
    0.8657291531562805,
    0.8680729269981384,
    0.8702604174613953,
    0.8714062571525574,
    0.8708333373069763,
    0.8715364336967468,
    0.8709375262260437,
    0.8738541603088379,
    0.8748437762260437,
    0.8751302361488342,
    0.8734375238418579,
    0.8765624761581421,
    0.8789583444595337,
    0.8814062476158142,
    0.88260418176651,
    0.88302081823349,
    0.8798177242279053,
    0.8833333253860474,
    0.882239580154419,
    0.8868229389190674,
    0.8865625262260437,
    0.885729193687439,
    0.8890364766120911,
    0.8887760639190674,
    0.8882551789283752,
    0.8908854126930237,
    0.889661431312561,
    0.8928645849227905,
    0.8943750262260437,
    0.8924999833106995,
    0.8959635496139526,
    0.8956510424613953,
    0.8977864384651184,
    0.8937760591506958,
    0.8995312452316284,
    0.8990885615348816,
    0.897473931312561,
    0.8992447853088379,
    0.9002864360809326,
    0.9002083539962769,
    0.899817705154419,
    0.9027343988418579,
    0.9027864336967468,
    0.9035677313804626,
    0.9057552218437195,
    0.9053385257720947,
    0.9083333611488342,
    0.9118489623069763,
    0.9112499952316284,
    0.911119818687439,
    0.9123958349227905,
    0.914843738079071,
    0.9111979007720947,
    0.9133853912353516,
    0.914635419845581,
    0.9131770730018616,
    0.9142187237739563,
    0.9126562476158142,
    0.9149479269981384
  ],
  "val_accuracy": [
    0.7403125166893005,
    0.7404166460037231,
    0.7422916889190674,
    0.7476041913032532,
    0.7467708587646484,
    0.7489583492279053,
    0.7511458396911621,
    0.7489583492279053,
    0.7338541746139526,
    0.7491666674613953,
    0.7488541603088379,
    0.7560416460037231,
    0.7547916769981384,
    0.7594791650772095,
    0.7488541603088379,
    0.7566666603088379,
    0.7589583396911621,
    0.7599999904632568,
    0.7631250023841858,
    0.7673958539962769,
    0.7530208230018616,
    0.7673958539962769,
    0.7739583253860474,
    0.7714583277702332,
    0.7578125,
    0.7760416865348816,
    0.776562511920929,
    0.7686458230018616,
    0.7715625166893005,
    0.78125,
    0.7840625047683716,
    0.7813541889190674,
    0.7820833325386047,
    0.7863541841506958,
    0.7882291674613953,
    0.7858333587646484,
    0.7882291674613953,
    0.7876041531562805,
    0.7842708230018616,
    0.7793750166893005,
    0.7876041531562805,
    0.7868750095367432,
    0.7952083349227905,
    0.7953125238418579,
    0.7851041555404663,
    0.7990624904632568,
    0.8033333420753479,
    0.7959374785423279,
    0.7982291579246521,
    0.793749988079071,
    0.8008333444595337,
    0.7995833158493042,
    0.7954166531562805,
    0.7992708086967468,
    0.8031250238418579,
    0.7992708086967468,
    0.8051041960716248,
    0.8030208349227905,
    0.8051041960716248,
    0.809374988079071,
    0.8052083253860474,
    0.8036458492279053,
    0.8165624737739563,
    0.8113541603088379,
    0.8092708587646484,
    0.8058333396911621,
    0.7922916412353516,
    0.8226041793823242,
    0.8228124976158142,
    0.8251041769981384,
    0.8287500143051147,
    0.8240625262260437,
    0.8219791650772095,
    0.8269791603088379,
    0.8296874761581421,
    0.8297916650772095,
    0.8274999856948853,
    0.8245833516120911,
    0.824791669845581,
    0.833020806312561
  ],